Year,Units,Value
2010,Million tonnes,1263.0
2011,Million tonnes,1363.0
2012,Million tonnes,1318.0
2013,Million tonnes,1311.0
2014,Million tonnes,1348.0
2015,Million tonnes,1268.0
2016,Million tonnes,1280.0
2017,Million tonnes,1326.0
2018,Million tonnes,1279.0
2010,Tonnes per capita,15.4
2011,Tonnes per capita,17.0
2012,Tonnes per capita,16.4
2013,Tonnes per capita,16.3
2014,Tonnes per capita,16.6
2015,Tonnes per capita,15.5
2016,Tonnes per capita,15.5
2017,Tonnes per capita,16.0
2018,Tonnes per capita,15.4
2010,2015 = 100,108.1
2011,2015 = 100,112.3
2012,2015 = 100,108.1
2013,2015 = 100,107.0
2014,2015 = 100,107.6
2015,2015 = 100,100.0
2016,2015 = 100,98.7
2017,2015 = 100,99.6
2018,2015 = 100,94.8
