Year,timeseries,Value
2010,proportion of oda (net disbursements) to gni,0.39
2011,proportion of oda (net disbursements) to gni,0.39
2012,proportion of oda (net disbursements) to gni,0.37
2013,proportion of oda (net disbursements) to gni,0.38
2014,proportion of oda (net disbursements) to gni,0.42
2015,proportion of oda (net disbursements) to gni,0.52
2016,proportion of oda (net disbursements) to gni,0.7
2017,proportion of oda (net disbursements) to gni,0.67
2018,proportion of oda (net disbursements) to gni,0.61
2019,proportion of oda (net disbursements) to gni,0.61
2010,proportion of bilateral and imputed multilateral oda (net disbursements) for lcds to the gross national income (gni),0.11
2011,proportion of bilateral and imputed multilateral oda (net disbursements) for lcds to the gross national income (gni),0.1
2012,proportion of bilateral and imputed multilateral oda (net disbursements) for lcds to the gross national income (gni),0.11
2013,proportion of bilateral and imputed multilateral oda (net disbursements) for lcds to the gross national income (gni),0.09
2014,proportion of bilateral and imputed multilateral oda (net disbursements) for lcds to the gross national income (gni),0.1
2015,proportion of bilateral and imputed multilateral oda (net disbursements) for lcds to the gross national income (gni),0.08
2016,proportion of bilateral and imputed multilateral oda (net disbursements) for lcds to the gross national income (gni),0.1
2017,proportion of bilateral and imputed multilateral oda (net disbursements) for lcds to the gross national income (gni),0.11
2018,proportion of bilateral and imputed multilateral oda (net disbursements) for lcds to the gross national income (gni),0.12
2019,proportion of bilateral and imputed multilateral oda (net disbursements) for lcds to the gross national income (gni),
